/* ================================================================================================
		Dependency Level 1 - Cateries/Classes/Basic Tables 
   ================================================================================================ */

-- Insert sample records into the STORE table
INSERT INTO STORE (CID) VALUES (101);
INSERT INTO STORE (CID) VALUES (102);
INSERT INTO STORE (CID) VALUES (103);
INSERT INTO STORE (CID) VALUES (104);
INSERT INTO STORE (CID) VALUES (105);

	
	
	
-- Insert sample records into the STORE_POS table
INSERT INTO STORE_POS (CID, STORE_CID) VALUES (1001, 101);
INSERT INTO STORE_POS (CID, STORE_CID) VALUES (1002, 101);
INSERT INTO STORE_POS (CID, STORE_CID) VALUES (1003, 101);
INSERT INTO STORE_POS (CID, STORE_CID) VALUES (1004, 101);
INSERT INTO STORE_POS (CID, STORE_CID) VALUES (1005, 101);

INSERT INTO STORE_POS (CID, STORE_CID) VALUES (2001, 102);
INSERT INTO STORE_POS (CID, STORE_CID) VALUES (2002, 102);
INSERT INTO STORE_POS (CID, STORE_CID) VALUES (2003, 102);
INSERT INTO STORE_POS (CID, STORE_CID) VALUES (2004, 102);
INSERT INTO STORE_POS (CID, STORE_CID) VALUES (2005, 102);

INSERT INTO STORE_POS (CID, STORE_CID) VALUES (3001, 103);
INSERT INTO STORE_POS (CID, STORE_CID) VALUES (3002, 103);
INSERT INTO STORE_POS (CID, STORE_CID) VALUES (3003, 103);
INSERT INTO STORE_POS (CID, STORE_CID) VALUES (3004, 103);
INSERT INTO STORE_POS (CID, STORE_CID) VALUES (3005, 103);

INSERT INTO STORE_POS (CID, STORE_CID) VALUES (4001, 104);
INSERT INTO STORE_POS (CID, STORE_CID) VALUES (4002, 104);
INSERT INTO STORE_POS (CID, STORE_CID) VALUES (4003, 104);
INSERT INTO STORE_POS (CID, STORE_CID) VALUES (4004, 104);
INSERT INTO STORE_POS (CID, STORE_CID) VALUES (4005, 104);

INSERT INTO STORE_POS (CID, STORE_CID) VALUES (5001, 105);
INSERT INTO STORE_POS (CID, STORE_CID) VALUES (5002, 105);
INSERT INTO STORE_POS (CID, STORE_CID) VALUES (5003, 105);
INSERT INTO STORE_POS (CID, STORE_CID) VALUES (5004, 105);
INSERT INTO STORE_POS (CID, STORE_CID) VALUES (5005, 105);

	
	
-- Insert sample records into the PRODUCTION_PHASE table
INSERT INTO PRODUCTION_PHASE (CID) VALUES (1);
INSERT INTO PRODUCTION_PHASE (CID) VALUES (2);
INSERT INTO PRODUCTION_PHASE (CID) VALUES (3);
INSERT INTO PRODUCTION_PHASE (CID) VALUES (4);
INSERT INTO PRODUCTION_PHASE (CID) VALUES (5);

	
-- Insert sample records into the PRODUCTION_MACHINE table
INSERT INTO PRODUCTION_MACHINE (CID) VALUES (4571);
INSERT INTO PRODUCTION_MACHINE (CID) VALUES (8234);
INSERT INTO PRODUCTION_MACHINE (CID) VALUES (3927);
INSERT INTO PRODUCTION_MACHINE (CID) VALUES (6489);
INSERT INTO PRODUCTION_MACHINE (CID) VALUES (2156);

	
-- Insert sample records into the MEASUREMENT_UNIT table
INSERT INTO MEASUREMENT_UNIT (CID) VALUES (1);
INSERT INTO MEASUREMENT_UNIT (CID) VALUES (2);
INSERT INTO MEASUREMENT_UNIT (CID) VALUES (3);
INSERT INTO MEASUREMENT_UNIT (CID) VALUES (4);
INSERT INTO MEASUREMENT_UNIT (CID) VALUES (5);

	

-- Insert level 1 cateries
INSERT INTO ITEM_CATEGORY (CID, LEVEL, PARENT_CATEGORY_CID) VALUES (1, 1, NULL);
INSERT INTO ITEM_CATEGORY (CID, LEVEL, PARENT_CATEGORY_CID) VALUES (2, 1, NULL);
INSERT INTO ITEM_CATEGORY (CID, LEVEL, PARENT_CATEGORY_CID) VALUES (3, 1, NULL);
INSERT INTO ITEM_CATEGORY (CID, LEVEL, PARENT_CATEGORY_CID) VALUES (4, 1, NULL);
INSERT INTO ITEM_CATEGORY (CID, LEVEL, PARENT_CATEGORY_CID) VALUES (5, 1, NULL);

-- Insert level 2 subcateries under each level 1 CATEGORY
-- Subcateries for Level 1 CID = 1
INSERT INTO ITEM_CATEGORY (CID, LEVEL, PARENT_CATEGORY_CID) VALUES (101, 2, 1);
INSERT INTO ITEM_CATEGORY (CID, LEVEL, PARENT_CATEGORY_CID) VALUES (102, 2, 1);
INSERT INTO ITEM_CATEGORY (CID, LEVEL, PARENT_CATEGORY_CID) VALUES (103, 2, 1);
INSERT INTO ITEM_CATEGORY (CID, LEVEL, PARENT_CATEGORY_CID) VALUES (104, 2, 1);
INSERT INTO ITEM_CATEGORY (CID, LEVEL, PARENT_CATEGORY_CID) VALUES (105, 2, 1);
INSERT INTO ITEM_CATEGORY (CID, LEVEL, PARENT_CATEGORY_CID) VALUES (106, 2, 1);
INSERT INTO ITEM_CATEGORY (CID, LEVEL, PARENT_CATEGORY_CID) VALUES (107, 2, 1);

-- Subcateries for Level 1 CID = 2
INSERT INTO ITEM_CATEGORY (CID, LEVEL, PARENT_CATEGORY_CID) VALUES (201, 2, 2);
INSERT INTO ITEM_CATEGORY (CID, LEVEL, PARENT_CATEGORY_CID) VALUES (202, 2, 2);
INSERT INTO ITEM_CATEGORY (CID, LEVEL, PARENT_CATEGORY_CID) VALUES (203, 2, 2);
INSERT INTO ITEM_CATEGORY (CID, LEVEL, PARENT_CATEGORY_CID) VALUES (204, 2, 2);
INSERT INTO ITEM_CATEGORY (CID, LEVEL, PARENT_CATEGORY_CID) VALUES (205, 2, 2);
INSERT INTO ITEM_CATEGORY (CID, LEVEL, PARENT_CATEGORY_CID) VALUES (206, 2, 2);
INSERT INTO ITEM_CATEGORY (CID, LEVEL, PARENT_CATEGORY_CID) VALUES (207, 2, 2);

-- Subcateries for Level 1 CID = 3
INSERT INTO ITEM_CATEGORY (CID, LEVEL, PARENT_CATEGORY_CID) VALUES (301, 2, 3);
INSERT INTO ITEM_CATEGORY (CID, LEVEL, PARENT_CATEGORY_CID) VALUES (302, 2, 3);
INSERT INTO ITEM_CATEGORY (CID, LEVEL, PARENT_CATEGORY_CID) VALUES (303, 2, 3);
INSERT INTO ITEM_CATEGORY (CID, LEVEL, PARENT_CATEGORY_CID) VALUES (304, 2, 3);
INSERT INTO ITEM_CATEGORY (CID, LEVEL, PARENT_CATEGORY_CID) VALUES (305, 2, 3);
INSERT INTO ITEM_CATEGORY (CID, LEVEL, PARENT_CATEGORY_CID) VALUES (306, 2, 3);
INSERT INTO ITEM_CATEGORY (CID, LEVEL, PARENT_CATEGORY_CID) VALUES (307, 2, 3);

-- Subcateries for Level 1 CID = 4
INSERT INTO ITEM_CATEGORY (CID, LEVEL, PARENT_CATEGORY_CID) VALUES (401, 2, 4);
INSERT INTO ITEM_CATEGORY (CID, LEVEL, PARENT_CATEGORY_CID) VALUES (402, 2, 4);
INSERT INTO ITEM_CATEGORY (CID, LEVEL, PARENT_CATEGORY_CID) VALUES (403, 2, 4);
INSERT INTO ITEM_CATEGORY (CID, LEVEL, PARENT_CATEGORY_CID) VALUES (404, 2, 4);
INSERT INTO ITEM_CATEGORY (CID, LEVEL, PARENT_CATEGORY_CID) VALUES (405, 2, 4);
INSERT INTO ITEM_CATEGORY (CID, LEVEL, PARENT_CATEGORY_CID) VALUES (406, 2, 4);
INSERT INTO ITEM_CATEGORY (CID, LEVEL, PARENT_CATEGORY_CID) VALUES (407, 2, 4);

-- Subcateries for Level 1 CID = 5
INSERT INTO ITEM_CATEGORY (CID, LEVEL, PARENT_CATEGORY_CID) VALUES (501, 2, 5);
INSERT INTO ITEM_CATEGORY (CID, LEVEL, PARENT_CATEGORY_CID) VALUES (502, 2, 5);
INSERT INTO ITEM_CATEGORY (CID, LEVEL, PARENT_CATEGORY_CID) VALUES (503, 2, 5);
INSERT INTO ITEM_CATEGORY (CID, LEVEL, PARENT_CATEGORY_CID) VALUES (504, 2, 5);
INSERT INTO ITEM_CATEGORY (CID, LEVEL, PARENT_CATEGORY_CID) VALUES (505, 2, 5);
INSERT INTO ITEM_CATEGORY (CID, LEVEL, PARENT_CATEGORY_CID) VALUES (506, 2, 5);
INSERT INTO ITEM_CATEGORY (CID, LEVEL, PARENT_CATEGORY_CID) VALUES (507, 2, 5);

	
	
-- Insert sample records into the SPEC_TYPE table
INSERT INTO SPEC_TYPE (CID) VALUES (1);
INSERT INTO SPEC_TYPE (CID) VALUES (2);
INSERT INTO SPEC_TYPE (CID) VALUES (3);
INSERT INTO SPEC_TYPE (CID) VALUES (4);
INSERT INTO SPEC_TYPE (CID) VALUES (5);



-- Insert sample records into the COUNTRY table with international dialing codes as CID
INSERT INTO COUNTRY (CID) VALUES (43); -- Austria
INSERT INTO COUNTRY (CID) VALUES (32); -- Belgium
INSERT INTO COUNTRY (CID) VALUES (359); -- Bulgaria
INSERT INTO COUNTRY (CID) VALUES (385); -- Croatia
INSERT INTO COUNTRY (CID) VALUES (357); -- Cyprus
INSERT INTO COUNTRY (CID) VALUES (420); -- Czech Republic
INSERT INTO COUNTRY (CID) VALUES (45); -- Denmark
INSERT INTO COUNTRY (CID) VALUES (372); -- Estonia
INSERT INTO COUNTRY (CID) VALUES (34); -- Finland
INSERT INTO COUNTRY (CID) VALUES (33); -- France
INSERT INTO COUNTRY (CID) VALUES (49); -- Germany
INSERT INTO COUNTRY (CID) VALUES (30); -- Greece
INSERT INTO COUNTRY (CID) VALUES (36); -- Hungary
INSERT INTO COUNTRY (CID) VALUES (353); -- Ireland
INSERT INTO COUNTRY (CID) VALUES (39); -- Italy
INSERT INTO COUNTRY (CID) VALUES (371); -- Latvia
INSERT INTO COUNTRY (CID) VALUES (370); -- Lithuania
INSERT INTO COUNTRY (CID) VALUES (352); -- Luxembourg
INSERT INTO COUNTRY (CID) VALUES (31); -- Netherlands
INSERT INTO COUNTRY (CID) VALUES (48); -- Poland
INSERT INTO COUNTRY (CID) VALUES (351); -- Portugal
INSERT INTO COUNTRY (CID) VALUES (40); -- Romania
INSERT INTO COUNTRY (CID) VALUES (386); -- Slovenia
INSERT INTO COUNTRY (CID) VALUES (421); -- Slovakia
INSERT INTO COUNTRY (CID) VALUES (61); -- Australia
INSERT INTO COUNTRY (CID) VALUES (355); -- Albania
INSERT INTO COUNTRY (CID) VALUES (381); -- Serbia
INSERT INTO COUNTRY (CID) VALUES (382); -- Montenegro
INSERT INTO COUNTRY (CID) VALUES (389); -- North Macedonia
INSERT INTO COUNTRY (CID) VALUES (387); -- Bosnia and Herzevina
INSERT INTO COUNTRY (CID) VALUES (373); -- Moldova
INSERT INTO COUNTRY (CID) VALUES (44); -- United Kingdom (UK)
INSERT INTO COUNTRY (CID) VALUES (1); -- United States (US)
INSERT INTO COUNTRY (CID) VALUES (11); -- Canada (same code as US thus a made up CID
INSERT INTO COUNTRY (CID) VALUES (81); -- Japan
INSERT INTO COUNTRY (CID) VALUES (20); -- Egypt





-- Insert sample records into the PAYMENT_TYPE table
INSERT INTO PAYMENT_TYPE (CID) VALUES (1);
INSERT INTO PAYMENT_TYPE (CID) VALUES (2);
INSERT INTO PAYMENT_TYPE (CID) VALUES (3);
INSERT INTO PAYMENT_TYPE (CID) VALUES (4);
INSERT INTO PAYMENT_TYPE (CID) VALUES (5);


-- Insert level 1 customer cateries
INSERT INTO CUSTOMER_CATEGORY (CID, LEVEL, PARENT_CATEGORY_CID) VALUES (10, 1, NULL); -- Level 1
INSERT INTO CUSTOMER_CATEGORY (CID, LEVEL, PARENT_CATEGORY_CID) VALUES (20, 1, NULL); -- Level 1
INSERT INTO CUSTOMER_CATEGORY (CID, LEVEL, PARENT_CATEGORY_CID) VALUES (30, 1, NULL); -- Level 1
INSERT INTO CUSTOMER_CATEGORY (CID, LEVEL, PARENT_CATEGORY_CID) VALUES (40, 1, NULL); -- Level 1
INSERT INTO CUSTOMER_CATEGORY (CID, LEVEL, PARENT_CATEGORY_CID) VALUES (50, 1, NULL); -- Level 1

-- Insert level 2 customer subcateries under each level 1 CATEGORY
-- Subcateries for Level 1 CID = 10
INSERT INTO CUSTOMER_CATEGORY (CID, LEVEL, PARENT_CATEGORY_CID) VALUES (1001, 2, 10);
INSERT INTO CUSTOMER_CATEGORY (CID, LEVEL, PARENT_CATEGORY_CID) VALUES (1002, 2, 10);
INSERT INTO CUSTOMER_CATEGORY (CID, LEVEL, PARENT_CATEGORY_CID) VALUES (1003, 2, 10);

-- Subcateries for Level 1 CID = 20
INSERT INTO CUSTOMER_CATEGORY (CID, LEVEL, PARENT_CATEGORY_CID) VALUES (2001, 2, 20);
INSERT INTO CUSTOMER_CATEGORY (CID, LEVEL, PARENT_CATEGORY_CID) VALUES (2002, 2, 20);
INSERT INTO CUSTOMER_CATEGORY (CID, LEVEL, PARENT_CATEGORY_CID) VALUES (2003, 2, 20);

-- Subcateries for Level 1 CID = 30
INSERT INTO CUSTOMER_CATEGORY (CID, LEVEL, PARENT_CATEGORY_CID) VALUES (3001, 2, 30);
INSERT INTO CUSTOMER_CATEGORY (CID, LEVEL, PARENT_CATEGORY_CID) VALUES (3002, 2, 30);
INSERT INTO CUSTOMER_CATEGORY (CID, LEVEL, PARENT_CATEGORY_CID) VALUES (3003, 2, 30);

-- Subcateries for Level 1 CID = 40
INSERT INTO CUSTOMER_CATEGORY (CID, LEVEL, PARENT_CATEGORY_CID) VALUES (4001, 2, 40);
INSERT INTO CUSTOMER_CATEGORY (CID, LEVEL, PARENT_CATEGORY_CID) VALUES (4002, 2, 40);
INSERT INTO CUSTOMER_CATEGORY (CID, LEVEL, PARENT_CATEGORY_CID) VALUES (4003, 2, 40);

-- Subcateries for Level 1 CID = 50
INSERT INTO CUSTOMER_CATEGORY (CID, LEVEL, PARENT_CATEGORY_CID) VALUES (5001, 2, 50);
INSERT INTO CUSTOMER_CATEGORY (CID, LEVEL, PARENT_CATEGORY_CID) VALUES (5002, 2, 50);
INSERT INTO CUSTOMER_CATEGORY (CID, LEVEL, PARENT_CATEGORY_CID) VALUES (5003, 2, 50);



-- Insert level 1 supplier cateries
INSERT INTO SUPPLIER_CATEGORY (CID, LEVEL, PARENT_CATEGORY_CID) VALUES (11, 1, NULL); -- Level 1
INSERT INTO SUPPLIER_CATEGORY (CID, LEVEL, PARENT_CATEGORY_CID) VALUES (21, 1, NULL); -- Level 1
INSERT INTO SUPPLIER_CATEGORY (CID, LEVEL, PARENT_CATEGORY_CID) VALUES (31, 1, NULL); -- Level 1
INSERT INTO SUPPLIER_CATEGORY (CID, LEVEL, PARENT_CATEGORY_CID) VALUES (41, 1, NULL); -- Level 1
INSERT INTO SUPPLIER_CATEGORY (CID, LEVEL, PARENT_CATEGORY_CID) VALUES (51, 1, NULL); -- Level 1

-- Insert level 2 supplier subcateries under each level 1 CATEGORY
-- Subcateries for Level 1 CID = 11
INSERT INTO SUPPLIER_CATEGORY (CID, LEVEL, PARENT_CATEGORY_CID) VALUES (1101, 2, 11);
INSERT INTO SUPPLIER_CATEGORY (CID, LEVEL, PARENT_CATEGORY_CID) VALUES (1102, 2, 11);
INSERT INTO SUPPLIER_CATEGORY (CID, LEVEL, PARENT_CATEGORY_CID) VALUES (1103, 2, 11);

-- Subcateries for Level 1 CID = 21
INSERT INTO SUPPLIER_CATEGORY (CID, LEVEL, PARENT_CATEGORY_CID) VALUES (2101, 2, 21);
INSERT INTO SUPPLIER_CATEGORY (CID, LEVEL, PARENT_CATEGORY_CID) VALUES (2102, 2, 21);
INSERT INTO SUPPLIER_CATEGORY (CID, LEVEL, PARENT_CATEGORY_CID) VALUES (2103, 2, 21);

-- Subcateries for Level 1 CID = 31
INSERT INTO SUPPLIER_CATEGORY (CID, LEVEL, PARENT_CATEGORY_CID) VALUES (3101, 2, 31);
INSERT INTO SUPPLIER_CATEGORY (CID, LEVEL, PARENT_CATEGORY_CID) VALUES (3102, 2, 31);
INSERT INTO SUPPLIER_CATEGORY (CID, LEVEL, PARENT_CATEGORY_CID) VALUES (3103, 2, 31);

-- Subcateries for Level 1 CID = 41
INSERT INTO SUPPLIER_CATEGORY (CID, LEVEL, PARENT_CATEGORY_CID) VALUES (4101, 2, 41);
INSERT INTO SUPPLIER_CATEGORY (CID, LEVEL, PARENT_CATEGORY_CID) VALUES (4102, 2, 41);
INSERT INTO SUPPLIER_CATEGORY (CID, LEVEL, PARENT_CATEGORY_CID) VALUES (4103, 2, 41);

-- Subcateries for Level 1 CID = 51
INSERT INTO SUPPLIER_CATEGORY (CID, LEVEL, PARENT_CATEGORY_CID) VALUES (5101, 2, 51);
INSERT INTO SUPPLIER_CATEGORY (CID, LEVEL, PARENT_CATEGORY_CID) VALUES (5102, 2, 51);
INSERT INTO SUPPLIER_CATEGORY (CID, LEVEL, PARENT_CATEGORY_CID) VALUES (5103, 2, 51);


-- Insert sample records into the SHIPMENT_COMPANY table
INSERT INTO SHIPMENT_COMPANY (CID) VALUES (10001);
INSERT INTO SHIPMENT_COMPANY (CID) VALUES (10234);
INSERT INTO SHIPMENT_COMPANY (CID) VALUES (10567);
INSERT INTO SHIPMENT_COMPANY (CID) VALUES (11023);
INSERT INTO SHIPMENT_COMPANY (CID) VALUES (11589);




-- Insert sample records into the URBAN_AREA_TYPE table
INSERT INTO URBAN_AREA_TYPE (CID) VALUES (1);
INSERT INTO URBAN_AREA_TYPE (CID) VALUES (2);
INSERT INTO URBAN_AREA_TYPE (CID) VALUES (3);
INSERT INTO URBAN_AREA_TYPE (CID) VALUES (4);
INSERT INTO URBAN_AREA_TYPE (CID) VALUES (5);


-- Insert sample records into the PACKAGE_TYPE table
INSERT INTO PACKAGE_TYPE (CID) VALUES (1);
INSERT INTO PACKAGE_TYPE (CID) VALUES (2);
INSERT INTO PACKAGE_TYPE (CID) VALUES (3);
INSERT INTO PACKAGE_TYPE (CID) VALUES (4);
INSERT INTO PACKAGE_TYPE (CID) VALUES (5);



/* ================================================================================================
		Dependency Level 2 - Basic/Archive Tables
   ================================================================================================ */


-- Insert regions for Greece (CID = 30)
INSERT INTO REGION (ID, CODE, COUNTRY_CID) VALUES (1, 'GR-MK-C', 30); -- Central Macedonia
INSERT INTO REGION (ID, CODE, COUNTRY_CID) VALUES (2, 'GR-MK-E-TE', 30); -- Eastern Macedonia and Thrace
INSERT INTO REGION (ID, CODE, COUNTRY_CID) VALUES (3, 'GR-AT', 30); -- Attica
INSERT INTO REGION (ID, CODE, COUNTRY_CID) VALUES (4, 'GR-CR', 30); -- Crete
INSERT INTO REGION (ID, CODE, COUNTRY_CID) VALUES (5, 'GR-EP', 30); -- Epirus
INSERT INTO REGION (ID, CODE, COUNTRY_CID) VALUES (6, 'GR-IS', 30); -- Ionian Islands
INSERT INTO REGION (ID, CODE, COUNTRY_CID) VALUES (7, 'GR-AE-N', 30); -- Northern Aegean
INSERT INTO REGION (ID, CODE, COUNTRY_CID) VALUES (8, 'GR-AE-S', 30); -- Southern Aegean
INSERT INTO REGION (ID, CODE, COUNTRY_CID) VALUES (9, 'GR-MK-W', 30); -- Western Macedonia
INSERT INTO REGION (ID, CODE, COUNTRY_CID) VALUES (10, 'GR-WG', 30); -- Western Greece
INSERT INTO REGION (ID, CODE, COUNTRY_CID) VALUES (11, 'GR-PE', 30); -- Peloponnese
INSERT INTO REGION (ID, CODE, COUNTRY_CID) VALUES (12, 'GR-TY', 30); -- Thessaly
INSERT INTO REGION (ID, CODE, COUNTRY_CID) VALUES (13, 'GR-CG', 30); -- Central Greece

-- Regions for United States (CID = 1)
INSERT INTO REGION (ID, CODE, COUNTRY_CID) VALUES (14, 'US-CA', 1); -- California
INSERT INTO REGION (ID, CODE, COUNTRY_CID) VALUES (15, 'US-NY', 1); -- New York
INSERT INTO REGION (ID, CODE, COUNTRY_CID) VALUES (16, 'US-TX', 1); -- Texas

-- Regions for Germany (CID = 49)
INSERT INTO REGION (ID, CODE, COUNTRY_CID) VALUES (17, 'DE-BW', 49); -- Baden-Württemberg
INSERT INTO REGION (ID, CODE, COUNTRY_CID) VALUES (18, 'DE-BY', 49); -- Bavaria
INSERT INTO REGION (ID, CODE, COUNTRY_CID) VALUES (19, 'DE-HH', 49); -- Hamburg

-- Regions for Japan (CID = 81)
INSERT INTO REGION (ID, CODE, COUNTRY_CID) VALUES (20, 'JP-13', 81); -- Tokyo
INSERT INTO REGION (ID, CODE, COUNTRY_CID) VALUES (21, 'JP-27', 81); -- Osaka
INSERT INTO REGION (ID, CODE, COUNTRY_CID) VALUES (22, 'JP-14', 81); -- Kanagawa

-- Regions for Egypt (CID = 20)
INSERT INTO REGION (ID, CODE, COUNTRY_CID) VALUES (23, 'EG-C', 20); -- Cairo
INSERT INTO REGION (ID, CODE, COUNTRY_CID) VALUES (24, 'EG-A', 20); -- Alexandria
INSERT INTO REGION (ID, CODE, COUNTRY_CID) VALUES (25, 'EG-G', 20); -- Giza

-- Regions for Australia (CID = 61)
INSERT INTO REGION (ID, CODE, COUNTRY_CID) VALUES (26, 'AU-NSW', 61); -- New South Wales
INSERT INTO REGION (ID, CODE, COUNTRY_CID) VALUES (27, 'AU-VIC', 61); -- Victoria
INSERT INTO REGION (ID, CODE, COUNTRY_CID) VALUES (28, 'AU-QLD', 61); -- Queensland





-- ITEM table records
INSERT INTO ITEM (ID, CODE, MEASUREMENT_UNIT_CID, ITEM_CATEGORY_CID) VALUES (1, 'LAPTOP-001', 1, 101);
INSERT INTO ITEM (ID, CODE, MEASUREMENT_UNIT_CID, ITEM_CATEGORY_CID) VALUES (2, 'DESKTOP-001', 1, 102);
INSERT INTO ITEM (ID, CODE, MEASUREMENT_UNIT_CID, ITEM_CATEGORY_CID) VALUES (3, 'MONITOR-001', 2, 103);
INSERT INTO ITEM (ID, CODE, MEASUREMENT_UNIT_CID, ITEM_CATEGORY_CID) VALUES (4, 'KEYBOARD-001', 3, 301);
INSERT INTO ITEM (ID, CODE, MEASUREMENT_UNIT_CID, ITEM_CATEGORY_CID) VALUES (5, 'MOUSE-001', 3, 302);
INSERT INTO ITEM (ID, CODE, MEASUREMENT_UNIT_CID, ITEM_CATEGORY_CID) VALUES (6, 'HDD-001', 1, 106);
INSERT INTO ITEM (ID, CODE, MEASUREMENT_UNIT_CID, ITEM_CATEGORY_CID) VALUES (7, 'SSD-001', 1, 106);
INSERT INTO ITEM (ID, CODE, MEASUREMENT_UNIT_CID, ITEM_CATEGORY_CID) VALUES (8, 'MOTHERBOARD-001', 1, 107);
INSERT INTO ITEM (ID, CODE, MEASUREMENT_UNIT_CID, ITEM_CATEGORY_CID) VALUES (9, 'RAM-001', 1, 107);
INSERT INTO ITEM (ID, CODE, MEASUREMENT_UNIT_CID, ITEM_CATEGORY_CID) VALUES (10, 'GRAPHICS_CARD-001', 1, 201);




/* ================================================================================================
		Dependency Level 3 - Archive/Transaction Master Tables
   ================================================================================================ */


-- CITY records

INSERT INTO CITY (ID, REGION_ID, SHIPMENT_COMPANY_CID, URBAN_AREA_TYPE_CID) 
VALUES (1, 1, 10001, 1);  -- Athens, Population > 1 million
INSERT INTO CITY (ID, REGION_ID, SHIPMENT_COMPANY_CID, URBAN_AREA_TYPE_CID) 
VALUES (2, 2, 10234, 1);  -- Thessaloniki, Population > 1 million
INSERT INTO CITY (ID, REGION_ID, SHIPMENT_COMPANY_CID, URBAN_AREA_TYPE_CID) 
VALUES (3, 3, 10567, 1);  -- Patras, Population > 1 million

INSERT INTO CITY (ID, REGION_ID, SHIPMENT_COMPANY_CID, URBAN_AREA_TYPE_CID) 
VALUES (4, 4, 11023, 2);  -- Heraklion, Population between 100,000 and 1 million
INSERT INTO CITY (ID, REGION_ID, SHIPMENT_COMPANY_CID, URBAN_AREA_TYPE_CID) 
VALUES (5, 5, 11589, 2);  -- Larissa, Population between 100,000 and 1 million
INSERT INTO CITY (ID, REGION_ID, SHIPMENT_COMPANY_CID, URBAN_AREA_TYPE_CID) 
VALUES (6, 6, 10001, 2);  -- Volos, Population between 100,000 and 1 million
INSERT INTO CITY (ID, REGION_ID, SHIPMENT_COMPANY_CID, URBAN_AREA_TYPE_CID) 
VALUES (7, 7, 10234, 2);  -- Chania, Population between 100,000 and 1 million
INSERT INTO CITY (ID, REGION_ID, SHIPMENT_COMPANY_CID, URBAN_AREA_TYPE_CID) 
VALUES (8, 8, 10567, 2);  -- Ioannina, Population between 100,000 and 1 million
INSERT INTO CITY (ID, REGION_ID, SHIPMENT_COMPANY_CID, URBAN_AREA_TYPE_CID) 
VALUES (9, 9, 11023, 2);  -- Kalamata, Population between 100,000 and 1 million

INSERT INTO CITY (ID, REGION_ID, SHIPMENT_COMPANY_CID, URBAN_AREA_TYPE_CID) 
VALUES (10, 10, 11589, 3);  -- Rethymno, Population < 100,000
INSERT INTO CITY (ID, REGION_ID, SHIPMENT_COMPANY_CID, URBAN_AREA_TYPE_CID) 
VALUES (11, 11, 10001, 3);  -- Katerini, Population < 100,000
INSERT INTO CITY (ID, REGION_ID, SHIPMENT_COMPANY_CID, URBAN_AREA_TYPE_CID) 
VALUES (12, 12, 10234, 3);  -- Aigio, Population < 100,000
INSERT INTO CITY (ID, REGION_ID, SHIPMENT_COMPANY_CID, URBAN_AREA_TYPE_CID) 
VALUES (13, 13, 10567, 3);  -- Tripoli, Population < 100,000
INSERT INTO CITY (ID, REGION_ID, SHIPMENT_COMPANY_CID, URBAN_AREA_TYPE_CID) 
VALUES (14, 14, 11023, 3);  -- Serres, Population < 100,000
INSERT INTO CITY (ID, REGION_ID, SHIPMENT_COMPANY_CID, URBAN_AREA_TYPE_CID) 
VALUES (15, 15, 11589, 3);  -- Preveza, Population < 100,000




   
   
-- ITEM_PKG table


INSERT INTO ITEM_PKG (ID, ITEM_ID, BARCODE, SERIAL_NUM, PACKAGE_TYPE_CID) VALUES (1, 1, '1234567890123', 123456789012, 1);
INSERT INTO ITEM_PKG (ID, ITEM_ID, BARCODE, SERIAL_NUM, PACKAGE_TYPE_CID) VALUES (2, 1, '1234567890124', 123456789013, 2);
INSERT INTO ITEM_PKG (ID, ITEM_ID, BARCODE, SERIAL_NUM, PACKAGE_TYPE_CID) VALUES (3, 1, '1234567890125', 123456789014, 3);

INSERT INTO ITEM_PKG (ID, ITEM_ID, BARCODE, SERIAL_NUM, PACKAGE_TYPE_CID) VALUES (4, 2, '2345678901234', 234567890123, 4);
INSERT INTO ITEM_PKG (ID, ITEM_ID, BARCODE, SERIAL_NUM, PACKAGE_TYPE_CID) VALUES (5, 2, '2345678901235', 234567890124, 5);
INSERT INTO ITEM_PKG (ID, ITEM_ID, BARCODE, SERIAL_NUM, PACKAGE_TYPE_CID) VALUES (6, 2, '2345678901236', 234567890125, 1);

INSERT INTO ITEM_PKG (ID, ITEM_ID, BARCODE, SERIAL_NUM, PACKAGE_TYPE_CID) VALUES (7, 3, '3456789012345', 345678901234, 2);
INSERT INTO ITEM_PKG (ID, ITEM_ID, BARCODE, SERIAL_NUM, PACKAGE_TYPE_CID) VALUES (8, 3, '3456789012346', 345678901235, 3);
INSERT INTO ITEM_PKG (ID, ITEM_ID, BARCODE, SERIAL_NUM, PACKAGE_TYPE_CID) VALUES (9, 3, '3456789012347', 345678901236, 4);





-- ITEM_SPEC table: Inserting realistic item specification records


INSERT INTO ITEM_SPEC (ID, ITEM_ID, SPEC_TYPE_CID) VALUES (1, 1, 1);
INSERT INTO ITEM_SPEC (ID, ITEM_ID, SPEC_TYPE_CID) VALUES (2, 1, 2);
INSERT INTO ITEM_SPEC (ID, ITEM_ID, SPEC_TYPE_CID) VALUES (3, 1, 3);

INSERT INTO ITEM_SPEC (ID, ITEM_ID, SPEC_TYPE_CID) VALUES (4, 2, 4);
INSERT INTO ITEM_SPEC (ID, ITEM_ID, SPEC_TYPE_CID) VALUES (5, 2, 5);
INSERT INTO ITEM_SPEC (ID, ITEM_ID, SPEC_TYPE_CID) VALUES (6, 2, 1);

INSERT INTO ITEM_SPEC (ID, ITEM_ID, SPEC_TYPE_CID) VALUES (7, 3, 2);
INSERT INTO ITEM_SPEC (ID, ITEM_ID, SPEC_TYPE_CID) VALUES (8, 3, 3);
INSERT INTO ITEM_SPEC (ID, ITEM_ID, SPEC_TYPE_CID) VALUES (9, 3, 4);





/* ================================================================================================
		Dependency Level 4 - Archive/Transaction Master Tables
   ================================================================================================ */
   
-- ITEM_INV records

INSERT INTO ITEM_INV (ID, STORE_CID) VALUES (1, 101);
INSERT INTO ITEM_INV (ID, STORE_CID) VALUES (2, 102);
INSERT INTO ITEM_INV (ID, STORE_CID) VALUES (3, 103);



-- PRODUCTION records

INSERT INTO PRODUCTION (ID, PRODUCTION_PHASE_CID, ITEM_ID, QTY) VALUES (1, 1, 1, 100);
INSERT INTO PRODUCTION (ID, PRODUCTION_PHASE_CID, ITEM_ID, QTY) VALUES (2, 2, 2, 150);
INSERT INTO PRODUCTION (ID, PRODUCTION_PHASE_CID, ITEM_ID, QTY) VALUES (3, 3, 3, 200);

-- CUSTOMER records

INSERT INTO CUSTOMER (ID, CUSTOMER_CATEGORY_CID) VALUES (1, 10);
INSERT INTO CUSTOMER (ID, CUSTOMER_CATEGORY_CID) VALUES (2, 20);
INSERT INTO CUSTOMER (ID, CUSTOMER_CATEGORY_CID) VALUES (3, 30);


-- SUPPLIER records

INSERT INTO SUPPLIER (ID, SUPPLIER_CATEGORY_CID) VALUES (1, 11);
INSERT INTO SUPPLIER (ID, SUPPLIER_CATEGORY_CID) VALUES (2, 21);
INSERT INTO SUPPLIER (ID, SUPPLIER_CATEGORY_CID) VALUES (3, 31);



-- BANK records

INSERT INTO BANK (ID, COUNTRY_CID) VALUES (1, 30);  -- Greece
INSERT INTO BANK (ID, COUNTRY_CID) VALUES (2, 49);  -- Germany
INSERT INTO BANK (ID, COUNTRY_CID) VALUES (3, 1);   -- United States



/* ================================================================================================
		Dependency Level 5 - Transaction Master Tables
   ================================================================================================ */
   
   
   -- ITEM_ORDER records


INSERT INTO ITEM_ORDER (ID, IS_CUSTOMER_ORDER, CUSTOMER_ID, SUPPLIER_ID, ORDER_DATETIME, STORE_CID) 
VALUES (1, 1, 1, NULL, '2024-09-10 14:30:00', 101);
INSERT INTO ITEM_ORDER (ID, IS_CUSTOMER_ORDER, CUSTOMER_ID, SUPPLIER_ID, ORDER_DATETIME, STORE_CID) 
VALUES (2, 1, 2, NULL, '2024-09-15 09:00:00', 102);
INSERT INTO ITEM_ORDER (ID, IS_CUSTOMER_ORDER, CUSTOMER_ID, SUPPLIER_ID, ORDER_DATETIME, STORE_CID) 
VALUES (3, 1, 3, NULL, '2024-09-20 11:45:00', 103);

INSERT INTO ITEM_ORDER (ID, IS_CUSTOMER_ORDER, CUSTOMER_ID, SUPPLIER_ID, ORDER_DATETIME, STORE_CID) 
VALUES (4, 0, NULL, 1, '2024-09-12 10:00:00', 101);
INSERT INTO ITEM_ORDER (ID, IS_CUSTOMER_ORDER, CUSTOMER_ID, SUPPLIER_ID, ORDER_DATETIME, STORE_CID) 
VALUES (5, 0, NULL, 2, '2024-09-18 16:30:00', 102);
INSERT INTO ITEM_ORDER (ID, IS_CUSTOMER_ORDER, CUSTOMER_ID, SUPPLIER_ID, ORDER_DATETIME, STORE_CID) 
VALUES (6, 0, NULL, 3, '2024-09-25 13:15:00', 103);



-- ITEM_PICKING records

INSERT INTO ITEM_PICKING (ID, ITEM_ORDER_ID, PICKING_START_DATETIME, PICKING_END_DATETIME, STORE_CID) 
VALUES (1, 1, '2024-11-01 08:00:00', '2024-11-01 09:00:00', 101);
INSERT INTO ITEM_PICKING (ID, ITEM_ORDER_ID, PICKING_START_DATETIME, PICKING_END_DATETIME, STORE_CID) 
VALUES (2, 2, '2024-11-01 09:30:00', '2024-11-01 10:30:00', 102);
INSERT INTO ITEM_PICKING (ID, ITEM_ORDER_ID, PICKING_START_DATETIME, PICKING_END_DATETIME, STORE_CID) 
VALUES (3, 3, '2024-11-01 11:00:00', '2024-11-01 12:00:00', 103);

INSERT INTO ITEM_PICKING (ID, ITEM_ORDER_ID, PICKING_START_DATETIME, PICKING_END_DATETIME, STORE_CID) 
VALUES (4, 4, '2024-11-01 08:30:00', '2024-11-01 09:30:00', 101);
INSERT INTO ITEM_PICKING (ID, ITEM_ORDER_ID, PICKING_START_DATETIME, PICKING_END_DATETIME, STORE_CID) 
VALUES (5, 5, '2024-11-01 10:00:00', '2024-11-01 11:00:00', 102);
INSERT INTO ITEM_PICKING (ID, ITEM_ORDER_ID, PICKING_START_DATETIME, PICKING_END_DATETIME, STORE_CID) 
VALUES (6, 6, '2024-11-01 13:00:00', '2024-11-01 14:00:00', 103);




-- INVOICE records

INSERT INTO INVOICE (ID, IS_CUSTOMER_INVOICE, CUSTOMER_ID, SUPPLIER_ID, ITEM_ORDER_ID) 
VALUES (1, 1, 1, NULL, 1);
INSERT INTO INVOICE (ID, IS_CUSTOMER_INVOICE, CUSTOMER_ID, SUPPLIER_ID, ITEM_ORDER_ID) 
VALUES (2, 1, 2, NULL, 2);
INSERT INTO INVOICE (ID, IS_CUSTOMER_INVOICE, CUSTOMER_ID, SUPPLIER_ID, ITEM_ORDER_ID) 
VALUES (3, 1, 3, NULL, 3);

INSERT INTO INVOICE (ID, IS_CUSTOMER_INVOICE, CUSTOMER_ID, SUPPLIER_ID, ITEM_ORDER_ID) 
VALUES (4, 0, NULL, 1, 4);
INSERT INTO INVOICE (ID, IS_CUSTOMER_INVOICE, CUSTOMER_ID, SUPPLIER_ID, ITEM_ORDER_ID) 
VALUES (5, 0, NULL, 2, 5);
INSERT INTO INVOICE (ID, IS_CUSTOMER_INVOICE, CUSTOMER_ID, SUPPLIER_ID, ITEM_ORDER_ID) 
VALUES (6, 0, NULL, 3, 6);

-- PAYMENT records

INSERT INTO PAYMENT (ID, IS_CUSTOMER_PAYMENT, CUSTOMER_ID, SUPPLIER_ID, ITEM_ORDER_ID, PAYMENT_DATETIME) 
VALUES (1, 1, 1, NULL, 1, '2024-11-02 08:00:00');
INSERT INTO PAYMENT (ID, IS_CUSTOMER_PAYMENT, CUSTOMER_ID, SUPPLIER_ID, ITEM_ORDER_ID, PAYMENT_DATETIME) 
VALUES (2, 1, 2, NULL, 2, '2024-11-02 09:30:00');
INSERT INTO PAYMENT (ID, IS_CUSTOMER_PAYMENT, CUSTOMER_ID, SUPPLIER_ID, ITEM_ORDER_ID, PAYMENT_DATETIME) 
VALUES (3, 1, 3, NULL, 3, '2024-11-02 11:00:00');

INSERT INTO PAYMENT (ID, IS_CUSTOMER_PAYMENT, CUSTOMER_ID, SUPPLIER_ID, ITEM_ORDER_ID, PAYMENT_DATETIME) 
VALUES (4, 0, NULL, 1, 4, '2024-11-02 08:30:00');
INSERT INTO PAYMENT (ID, IS_CUSTOMER_PAYMENT, CUSTOMER_ID, SUPPLIER_ID, ITEM_ORDER_ID, PAYMENT_DATETIME) 
VALUES (5, 0, NULL, 2, 5, '2024-11-02 10:00:00');
INSERT INTO PAYMENT (ID, IS_CUSTOMER_PAYMENT, CUSTOMER_ID, SUPPLIER_ID, ITEM_ORDER_ID, PAYMENT_DATETIME) 
VALUES (6, 0, NULL, 3, 6, '2024-11-02 13:00:00');
;



/* ================================================================================================
		Dependency Level 6 - Transaction Detail/ Archive Detail Tables
   ================================================================================================ */

-- ITEM_ORDER_LINE records

INSERT INTO ITEM_ORDER_LINE (ID, ITEM_ORDER_ID, ITEM_ID, QTY) 
VALUES (1, 1, 1, 5);
INSERT INTO ITEM_ORDER_LINE (ID, ITEM_ORDER_ID, ITEM_ID, QTY) 
VALUES (2, 1, 2, 2);
INSERT INTO ITEM_ORDER_LINE (ID, ITEM_ORDER_ID, ITEM_ID, QTY) 
VALUES (3, 1, 3, 10);

INSERT INTO ITEM_ORDER_LINE (ID, ITEM_ORDER_ID, ITEM_ID, QTY) 
VALUES (4, 2, 4, 1);
INSERT INTO ITEM_ORDER_LINE (ID, ITEM_ORDER_ID, ITEM_ID, QTY) 
VALUES (5, 2, 5, 5);
INSERT INTO ITEM_ORDER_LINE (ID, ITEM_ORDER_ID, ITEM_ID, QTY) 
VALUES (6, 2, 6, 2);

INSERT INTO ITEM_ORDER_LINE (ID, ITEM_ORDER_ID, ITEM_ID, QTY) 
VALUES (7, 3, 7, 10);
INSERT INTO ITEM_ORDER_LINE (ID, ITEM_ORDER_ID, ITEM_ID, QTY) 
VALUES (8, 3, 8, 5);
INSERT INTO ITEM_ORDER_LINE (ID, ITEM_ORDER_ID, ITEM_ID, QTY) 
VALUES (9, 3, 9, 1);

INSERT INTO ITEM_ORDER_LINE (ID, ITEM_ORDER_ID, ITEM_ID, QTY) 
VALUES (10, 4, 10, 2);
INSERT INTO ITEM_ORDER_LINE (ID, ITEM_ORDER_ID, ITEM_ID, QTY) 
VALUES (11, 4, 1, 5);
INSERT INTO ITEM_ORDER_LINE (ID, ITEM_ORDER_ID, ITEM_ID, QTY) 
VALUES (12, 4, 2, 10);

INSERT INTO ITEM_ORDER_LINE (ID, ITEM_ORDER_ID, ITEM_ID, QTY) 
VALUES (13, 5, 3, 1);
INSERT INTO ITEM_ORDER_LINE (ID, ITEM_ORDER_ID, ITEM_ID, QTY) 
VALUES (14, 5, 4, 10);
INSERT INTO ITEM_ORDER_LINE (ID, ITEM_ORDER_ID, ITEM_ID, QTY) 
VALUES (15, 5, 5, 2);

INSERT INTO ITEM_ORDER_LINE (ID, ITEM_ORDER_ID, ITEM_ID, QTY) 
VALUES (16, 6, 6, 5);
INSERT INTO ITEM_ORDER_LINE (ID, ITEM_ORDER_ID, ITEM_ID, QTY) 
VALUES (17, 6, 7, 1);
INSERT INTO ITEM_ORDER_LINE (ID, ITEM_ORDER_ID, ITEM_ID, QTY) 
VALUES (18, 6, 8, 10);




-- INVOICE_LINE records


INSERT INTO INVOICE_LINE (ID, INVOICE_ID, ITEM_ID, QTY, PRICE, LINE_TOTAL) 
VALUES (1, 1, 1, 5, 3.0, 15.0);
INSERT INTO INVOICE_LINE (ID, INVOICE_ID, ITEM_ID, QTY, PRICE, LINE_TOTAL) 
VALUES (2, 1, 2, 2, 4.0, 8.0);
INSERT INTO INVOICE_LINE (ID, INVOICE_ID, ITEM_ID, QTY, PRICE, LINE_TOTAL) 
VALUES (3, 1, 3, 10, 2.0, 20.0);

INSERT INTO INVOICE_LINE (ID, INVOICE_ID, ITEM_ID, QTY, PRICE, LINE_TOTAL) 
VALUES (4, 2, 4, 1, 3.0, 3.0);
INSERT INTO INVOICE_LINE (ID, INVOICE_ID, ITEM_ID, QTY, PRICE, LINE_TOTAL) 
VALUES (5, 2, 5, 5, 4.0, 20.0);
INSERT INTO INVOICE_LINE (ID, INVOICE_ID, ITEM_ID, QTY, PRICE, LINE_TOTAL) 
VALUES (6, 2, 6, 2, 2.0, 4.0);

INSERT INTO INVOICE_LINE (ID, INVOICE_ID, ITEM_ID, QTY, PRICE, LINE_TOTAL) 
VALUES (7, 3, 7, 10, 3.0, 30.0);
INSERT INTO INVOICE_LINE (ID, INVOICE_ID, ITEM_ID, QTY, PRICE, LINE_TOTAL) 
VALUES (8, 3, 8, 5, 4.0, 20.0);
INSERT INTO INVOICE_LINE (ID, INVOICE_ID, ITEM_ID, QTY, PRICE, LINE_TOTAL) 
VALUES (9, 3, 9, 1, 2.0, 2.0);

INSERT INTO INVOICE_LINE (ID, INVOICE_ID, ITEM_ID, QTY, PRICE, LINE_TOTAL) 
VALUES (10, 4, 10, 2, 3.0, 6.0);
INSERT INTO INVOICE_LINE (ID, INVOICE_ID, ITEM_ID, QTY, PRICE, LINE_TOTAL) 
VALUES (11, 4, 1, 5, 2.0, 10.0);
INSERT INTO INVOICE_LINE (ID, INVOICE_ID, ITEM_ID, QTY, PRICE, LINE_TOTAL) 
VALUES (12, 4, 2, 10, 4.0, 40.0);

INSERT INTO INVOICE_LINE (ID, INVOICE_ID, ITEM_ID, QTY, PRICE, LINE_TOTAL) 
VALUES (13, 5, 3, 1, 3.0, 3.0);
INSERT INTO INVOICE_LINE (ID, INVOICE_ID, ITEM_ID, QTY, PRICE, LINE_TOTAL) 
VALUES (14, 5, 4, 10, 2.0, 20.0);
INSERT INTO INVOICE_LINE (ID, INVOICE_ID, ITEM_ID, QTY, PRICE, LINE_TOTAL) 
VALUES (15, 5, 5, 2, 4.0, 8.0);

INSERT INTO INVOICE_LINE (ID, INVOICE_ID, ITEM_ID, QTY, PRICE, LINE_TOTAL) 
VALUES (16, 6, 6, 5, 3.0, 15.0);
INSERT INTO INVOICE_LINE (ID, INVOICE_ID, ITEM_ID, QTY, PRICE, LINE_TOTAL) 
VALUES (17, 6, 7, 1, 2.0, 2.0);
INSERT INTO INVOICE_LINE (ID, INVOICE_ID, ITEM_ID, QTY, PRICE, LINE_TOTAL) 
VALUES (18, 6, 8, 10, 4.0, 40.0);


-- CUSTOMER_PLACE records

INSERT INTO CUSTOMER_PLACE (ID, CUSTOMER_ID, ADDRESS, CITY_ID) 
VALUES (1, 1, '12 Vasilissis Olgas St', 2);  
INSERT INTO CUSTOMER_PLACE (ID, CUSTOMER_ID, ADDRESS, CITY_ID) 
VALUES (2, 2, '45 Nikis Ave', 2);  
INSERT INTO CUSTOMER_PLACE (ID, CUSTOMER_ID, ADDRESS, CITY_ID) 
VALUES (3, 3, '7 Tsimiski St', 2);  



-- SUPPLIER_PLACE records


INSERT INTO SUPPLIER_PLACE (ID, SUPPLIER_ID, ADDRESS, CITY_ID) 
VALUES (1, 1, '56 Ermou St', 1);  
INSERT INTO SUPPLIER_PLACE (ID, SUPPLIER_ID, ADDRESS, CITY_ID) 
VALUES (2, 2, '33 Panepistimiou St', 1);  
INSERT INTO SUPPLIER_PLACE (ID, SUPPLIER_ID, ADDRESS, CITY_ID) 
VALUES (3, 3, '88 Syntagma Square', 1);  
 

-- BANK_ACCOUNT records

INSERT INTO BANK_ACCOUNT (ID, SUPPLIER_ID, IBAN, BANK_ID) 
VALUES (1, 1, 'GR1601101250000001234567890', 1);  
INSERT INTO BANK_ACCOUNT (ID, SUPPLIER_ID, IBAN, BANK_ID) 
VALUES (2, 2, 'DE89370400440532013000', 2);  
INSERT INTO BANK_ACCOUNT (ID, SUPPLIER_ID, IBAN, BANK_ID) 
VALUES (3, 3, 'GB29NWBK60161331926819', 3);  




-- PRODUCTION_PART records
INSERT INTO PRODUCTION_PART (ID, PRODUCTION_ID, NUM, ITEM_ID, PRODUCTION_MACHINE_CID)
VALUES (1, 1, 50, 1, 4571);  
INSERT INTO PRODUCTION_PART (ID, PRODUCTION_ID, NUM, ITEM_ID, PRODUCTION_MACHINE_CID)
VALUES (2, 1, 100, 2, 8234);  
INSERT INTO PRODUCTION_PART (ID, PRODUCTION_ID, NUM, ITEM_ID, PRODUCTION_MACHINE_CID)
VALUES (3, 1, 200, 3, 3927);  

INSERT INTO PRODUCTION_PART (ID, PRODUCTION_ID, NUM, ITEM_ID, PRODUCTION_MACHINE_CID)
VALUES (4, 2, 50, 4, 6489);  
INSERT INTO PRODUCTION_PART (ID, PRODUCTION_ID, NUM, ITEM_ID, PRODUCTION_MACHINE_CID)
VALUES (5, 2, 100, 5, 2156);  
INSERT INTO PRODUCTION_PART (ID, PRODUCTION_ID, NUM, ITEM_ID, PRODUCTION_MACHINE_CID)
VALUES (6, 2, 200, 6, 4571);  

INSERT INTO PRODUCTION_PART (ID, PRODUCTION_ID, NUM, ITEM_ID, PRODUCTION_MACHINE_CID)
VALUES (7, 3, 50, 7, 8234);  
INSERT INTO PRODUCTION_PART (ID, PRODUCTION_ID, NUM, ITEM_ID, PRODUCTION_MACHINE_CID)
VALUES (8, 3, 100, 8, 3927);  
INSERT INTO PRODUCTION_PART (ID, PRODUCTION_ID, NUM, ITEM_ID, PRODUCTION_MACHINE_CID)
VALUES (9, 3, 200, 9, 6489);  




/* ================================================================================================
		Dependency Level 7 - Transaction Detail/ Archive Detail Tables
   ================================================================================================ */
   
-- PAYMENT_LINE records


INSERT INTO PAYMENT_LINE (ID, PAYMENT_ID, PAYMENT_TYPE_CID, AMOUNT, BANK_ACCOUNT_ID)
VALUES (1, 1, 1, 500, 1);  
INSERT INTO PAYMENT_LINE (ID, PAYMENT_ID, PAYMENT_TYPE_CID, AMOUNT, BANK_ACCOUNT_ID)
VALUES (2, 1, 2, 1000, 2);  
INSERT INTO PAYMENT_LINE (ID, PAYMENT_ID, PAYMENT_TYPE_CID, AMOUNT, BANK_ACCOUNT_ID)
VALUES (3, 1, 3, 2000, 3);  

INSERT INTO PAYMENT_LINE (ID, PAYMENT_ID, PAYMENT_TYPE_CID, AMOUNT, BANK_ACCOUNT_ID)
VALUES (4, 2, 1, 500, 1);  
INSERT INTO PAYMENT_LINE (ID, PAYMENT_ID, PAYMENT_TYPE_CID, AMOUNT, BANK_ACCOUNT_ID)
VALUES (5, 2, 2, 1000, 2);  
INSERT INTO PAYMENT_LINE (ID, PAYMENT_ID, PAYMENT_TYPE_CID, AMOUNT, BANK_ACCOUNT_ID)
VALUES (6, 2, 3, 2000, 3);  

INSERT INTO PAYMENT_LINE (ID, PAYMENT_ID, PAYMENT_TYPE_CID, AMOUNT, BANK_ACCOUNT_ID)
VALUES (7, 3, 1, 500, 1);  
INSERT INTO PAYMENT_LINE (ID, PAYMENT_ID, PAYMENT_TYPE_CID, AMOUNT, BANK_ACCOUNT_ID)
VALUES (8, 3, 2, 1000, 2);  
INSERT INTO PAYMENT_LINE (ID, PAYMENT_ID, PAYMENT_TYPE_CID, AMOUNT, BANK_ACCOUNT_ID)
VALUES (9, 3, 3, 2000, 3);  

INSERT INTO PAYMENT_LINE (ID, PAYMENT_ID, PAYMENT_TYPE_CID, AMOUNT, BANK_ACCOUNT_ID)
VALUES (10, 4, 1, 500, 1);  
INSERT INTO PAYMENT_LINE (ID, PAYMENT_ID, PAYMENT_TYPE_CID, AMOUNT, BANK_ACCOUNT_ID)
VALUES (11, 4, 2, 1000, 2);  
INSERT INTO PAYMENT_LINE (ID, PAYMENT_ID, PAYMENT_TYPE_CID, AMOUNT, BANK_ACCOUNT_ID)
VALUES (12, 4, 3, 2000, 3);  

INSERT INTO PAYMENT_LINE (ID, PAYMENT_ID, PAYMENT_TYPE_CID, AMOUNT, BANK_ACCOUNT_ID)
VALUES (13, 5, 1, 500, 1);  
INSERT INTO PAYMENT_LINE (ID, PAYMENT_ID, PAYMENT_TYPE_CID, AMOUNT, BANK_ACCOUNT_ID)
VALUES (14, 5, 2, 1000, 2);  
INSERT INTO PAYMENT_LINE (ID, PAYMENT_ID, PAYMENT_TYPE_CID, AMOUNT, BANK_ACCOUNT_ID)
VALUES (15, 5, 3, 2000, 3);  

INSERT INTO PAYMENT_LINE (ID, PAYMENT_ID, PAYMENT_TYPE_CID, AMOUNT, BANK_ACCOUNT_ID)
VALUES (16, 6, 1, 500, 1);  
INSERT INTO PAYMENT_LINE (ID, PAYMENT_ID, PAYMENT_TYPE_CID, AMOUNT, BANK_ACCOUNT_ID)
VALUES (17, 6, 2, 1000, 2);  
INSERT INTO PAYMENT_LINE (ID, PAYMENT_ID, PAYMENT_TYPE_CID, AMOUNT, BANK_ACCOUNT_ID)
VALUES (18, 6, 3, 2000, 3);  

   
   
   
-- ITEM_PICKING_LINE records

INSERT INTO ITEM_PICKING_LINE (ID, ITEM_PICKING_ID, ITEM_ORDER_LINE_ID, ITEM_PKG_ID, STORE_POS_CID, PICKED_PACKAGES, ORDERED_QTY_IN_UNIT)
VALUES (1, 1, 1, 1, 1001, 1, 10);  
INSERT INTO ITEM_PICKING_LINE (ID, ITEM_PICKING_ID, ITEM_ORDER_LINE_ID, ITEM_PKG_ID, STORE_POS_CID, PICKED_PACKAGES, ORDERED_QTY_IN_UNIT)
VALUES (2, 1, 2, 2, 1002, 2, 5);  

INSERT INTO ITEM_PICKING_LINE (ID, ITEM_PICKING_ID, ITEM_ORDER_LINE_ID, ITEM_PKG_ID, STORE_POS_CID, PICKED_PACKAGES, ORDERED_QTY_IN_UNIT)
VALUES (3, 2, 3, 3, 1003, 1, 10);  
INSERT INTO ITEM_PICKING_LINE (ID, ITEM_PICKING_ID, ITEM_ORDER_LINE_ID, ITEM_PKG_ID, STORE_POS_CID, PICKED_PACKAGES, ORDERED_QTY_IN_UNIT)
VALUES (4, 2, 4, 4, 1004, 2, 2);  

INSERT INTO ITEM_PICKING_LINE (ID, ITEM_PICKING_ID, ITEM_ORDER_LINE_ID, ITEM_PKG_ID, STORE_POS_CID, PICKED_PACKAGES, ORDERED_QTY_IN_UNIT)
VALUES (5, 3, 5, 5, 1005, 1, 5);  
INSERT INTO ITEM_PICKING_LINE (ID, ITEM_PICKING_ID, ITEM_ORDER_LINE_ID, ITEM_PKG_ID, STORE_POS_CID, PICKED_PACKAGES, ORDERED_QTY_IN_UNIT)
VALUES (6, 3, 6, 6, 1001, 2, 10);  

INSERT INTO ITEM_PICKING_LINE (ID, ITEM_PICKING_ID, ITEM_ORDER_LINE_ID, ITEM_PKG_ID, STORE_POS_CID, PICKED_PACKAGES, ORDERED_QTY_IN_UNIT)
VALUES (7, 4, 7, 7, 1002, 1, 5);  
INSERT INTO ITEM_PICKING_LINE (ID, ITEM_PICKING_ID, ITEM_ORDER_LINE_ID, ITEM_PKG_ID, STORE_POS_CID, PICKED_PACKAGES, ORDERED_QTY_IN_UNIT)
VALUES (8, 4, 8, 8, 1003, 2, 2);  

INSERT INTO ITEM_PICKING_LINE (ID, ITEM_PICKING_ID, ITEM_ORDER_LINE_ID, ITEM_PKG_ID, STORE_POS_CID, PICKED_PACKAGES, ORDERED_QTY_IN_UNIT)
VALUES (9, 5, 9, 9, 1004, 1, 5);  
INSERT INTO ITEM_PICKING_LINE (ID, ITEM_PICKING_ID, ITEM_ORDER_LINE_ID, ITEM_PKG_ID, STORE_POS_CID, PICKED_PACKAGES, ORDERED_QTY_IN_UNIT)
VALUES (10, 5, 10, 1, 1005, 2, 10);  

INSERT INTO ITEM_PICKING_LINE (ID, ITEM_PICKING_ID, ITEM_ORDER_LINE_ID, ITEM_PKG_ID, STORE_POS_CID, PICKED_PACKAGES, ORDERED_QTY_IN_UNIT)
VALUES (11, 6, 11, 2, 1001, 1, 5);  
INSERT INTO ITEM_PICKING_LINE (ID, ITEM_PICKING_ID, ITEM_ORDER_LINE_ID, ITEM_PKG_ID, STORE_POS_CID, PICKED_PACKAGES, ORDERED_QTY_IN_UNIT)
VALUES (12, 6, 12, 3, 1002, 2, 10);  
   
   
   
-- ITEM_INV_LINE records

INSERT INTO ITEM_INV_LINE (ID, ITEM_INV_ID, ITEM_ID, ITEM_PKG_ID, STORE_POS_CID, STORED_QTY)
VALUES (1, 1, 1, 1, 1001, 100);  
INSERT INTO ITEM_INV_LINE (ID, ITEM_INV_ID, ITEM_ID, ITEM_PKG_ID, STORE_POS_CID, STORED_QTY)
VALUES (2, 1, 2, 2, 1002, 150);  
INSERT INTO ITEM_INV_LINE (ID, ITEM_INV_ID, ITEM_ID, ITEM_PKG_ID, STORE_POS_CID, STORED_QTY)
VALUES (3, 1, 3, 3, 1003, 200);  

INSERT INTO ITEM_INV_LINE (ID, ITEM_INV_ID, ITEM_ID, ITEM_PKG_ID, STORE_POS_CID, STORED_QTY)
VALUES (4, 2, 4, 4, 1004, 100);  
INSERT INTO ITEM_INV_LINE (ID, ITEM_INV_ID, ITEM_ID, ITEM_PKG_ID, STORE_POS_CID, STORED_QTY)
VALUES (5, 2, 5, 5, 1005, 150);  
INSERT INTO ITEM_INV_LINE (ID, ITEM_INV_ID, ITEM_ID, ITEM_PKG_ID, STORE_POS_CID, STORED_QTY)
VALUES (6, 2, 6, 6, 1001, 200);  


   